<?xml version="1.0" encoding="UTF-8"?>
<bases>
  <scm version="1.0">


    <app>
      <corp>集团</corp>
      <deptment>
        <main>技术共享平台</main> 
        <sub>核心系统研发</sub> 
        <three>存储</three> 
      </deptment>
      <line>
         <main>核心系统</main>
         <sub>tair</sub>
      </line>
      <name>t-csrd-tbnet-devel</name>
      <codetype>C/C++</codetype>
      <connection>http://svn.taobao-develop.com/repos/ttsc/branches/V3286_common_20100813/common/</connection>
    </app>
  </scm>
</bases>

